{"cameraMode":{"drawMode":0,"name":"Shaded","section":"Shading Mode"},"sceneLighting":true,"audioPlay":false,"sceneViewState":{"m_AlwaysRefresh":false,"showFog":true,"showSkybox":true,"showFlares":true,"showImageEffects":true,"showParticleSystems":true,"showVisualEffectGraphs":true,"m_FxEnabled":true},"in2DMode":false,"pivot":{"x":0.932902991771698,"y":2.1600000858306886,"z":-45.36000061035156},"rotation":{"x":-0.29836714267730715,"y":-0.010888063348829747,"z":0.0034009788651019336,"w":-0.954389214515686},"size":10.306636810302735,"orthographic":false}